{
  "version": "2.0",
  "resources": [
    {
      "resource": "asset",
      "value": {
        "name": {
          "defaultValue": "row(\"Asset\").ToString",
          "isExpression": false
        },
        "folderPath": {
          "defaultValue": "row(\"OrchestratorAssetFolder\").ToString",
          "isExpression": false
        }
      },
      "metadata": {}
    },
    {
      "resource": "queue",
      "value": {
        "name": {
          "defaultValue": "in_Config(\"OrchestratorQueueName\").ToString",
          "isExpression": false
        },
        "folderPath": {
          "isExpression": true
        }
      },
      "metadata": {}
    },
    {
      "resource": "queue",
      "value": {
        "folderPath": {
          "isExpression": true
        }
      },
      "metadata": {}
    },
    {
      "resource": "queue",
      "value": {
        "folderPath": {
          "defaultValue": "in_Config(\"OrchestratorQueueFolder\").ToString",
          "isExpression": false
        }
      },
      "metadata": {}
    },
    {
      "resource": "asset",
      "value": {
        "name": {
          "defaultValue": "in_Config(\"MGM-OPRS_OperaCredentials\").ToString",
          "isExpression": false
        },
        "folderPath": {
          "isExpression": true
        }
      },
      "metadata": {}
    }
  ]
}